{
  "project_info": {
    "project_number": "278197469535",
    "firebase_url": "https://crazynote-d0b28.firebaseio.com",
    "project_id": "crazynote-d0b28",
    "storage_bucket": "crazynote-d0b28.appspot.com"
  },
  "client": [
    {
      "client_info": {
        "mobilesdk_app_id": "1:278197469535:android:6152f14c463d8b4dedf6ea",
        "android_client_info": {
          "package_name": "com.crazyindiandeveloper.crazynotifier"
        }
      },
      "oauth_client": [
        {
          "client_id": "278197469535-6v9lcnc6t1flk9b51the0b7amkir7obh.apps.googleusercontent.com",
          "client_type": 3
        }
      ],
      "api_key": [
        {
          "current_key": "AIzaSyC_Oiv_6M5IlPjL2mhuPHrmSljymJxTu7g"
        }
      ],
      "services": {
        "appinvite_service": {
          "other_platform_oauth_client": [
            {
              "client_id": "278197469535-6v9lcnc6t1flk9b51the0b7amkir7obh.apps.googleusercontent.com",
              "client_type": 3
            }
          ]
        }
      }
    }
  ],
  "configuration_version": "1"
}